{
	"format_version": "1.8.0",
	"animations": {
		"animation.mco_santa.nutcracker.marching.arms": {
			"loop": true,
			"animation_length": 2.4,
			"bones": {
				"rightArm": {
					"rotation": {
						"0.0": [ 0, 0, 0 ],
						"0.04": [ 5.66226, 0, 0 ],
						"0.08": [ 31.79851, 0, 0 ],
						"0.12": [ 60.85378, 0, 0 ],
						"0.16": [ 71.21319, 0, 0 ],
						"0.2": [ 72.5, 0, 0 ],
						"0.24": [ 70.25198, 0, 0 ],
						"0.28": [ 70.36512, 0, 0 ],
						"0.32": [ 72.08127, 0, 0 ],
						"0.36": [ 72.5, 0, 0 ],
						"0.68": [ 72.5, 0, 0 ],
						"0.72": [ 67.41454, 0, 0 ],
						"0.76": [ 36.18407, 0, 0 ],
						"0.8": [ 7.41001, 0, 0 ],
						"0.84": [ 0, 0, 0 ],
						"0.88": [ -2.62678, 0, 0 ],
						"0.92": [ -3.10829, 0, 0 ],
						"0.96": [ -0.57381, 0, 0 ],
						"1.0": [ 0, 0, 0 ],
						"1.2": [ 0, 0, 0 ],
						"1.24": [ -5.66226, 0, 0 ],
						"1.28": [ -31.79851, 0, 0 ],
						"1.32": [ -60.85378, 0, 0 ],
						"1.36": [ -71.21319, 0, 0 ],
						"1.4": [ -72.5, 0, 0 ],
						"1.44": [ -70.25198, 0, 0 ],
						"1.48": [ -70.36512, 0, 0 ],
						"1.52": [ -72.08127, 0, 0 ],
						"1.56": [ -72.5, 0, 0 ],
						"1.88": [ -72.5, 0, 0 ],
						"1.92": [ -67.41454, 0, 0 ],
						"1.96": [ -36.18407, 0, 0 ],
						"2.0": [ -7.41001, 0, 0 ],
						"2.04": [ 0, 0, 0 ],
						"2.08": [ 2.62678, 0, 0 ],
						"2.12": [ 3.10829, 0, 0 ],
						"2.16": [ 0.57381, 0, 0 ],
						"2.2": [ 0, 0, 0 ]
					}
				}
			}
		},
		"animation.mco_santa.nutcracker.marching.body": {
			"loop": true,
			"animation_length": 2.4,
			"bones": {
				"leftArm": {
					"rotation": {
						"0.0": [ 0, 0, 0 ],
						"0.04": [ -5.66226, 0, 0 ],
						"0.08": [ -31.79851, 0, 0 ],
						"0.12": [ -60.85378, 0, 0 ],
						"0.16": [ -71.21319, 0, 0 ],
						"0.2": [ -72.5, 0, 0 ],
						"0.24": [ -70.25198, 0, 0 ],
						"0.28": [ -70.36512, 0, 0 ],
						"0.32": [ -72.08127, 0, 0 ],
						"0.36": [ -72.5, 0, 0 ],
						"0.68": [ -72.5, 0, 0 ],
						"0.72": [ -67.41454, 0, 0 ],
						"0.76": [ -36.18407, 0, 0 ],
						"0.8": [ -7.41001, 0, 0 ],
						"0.84": [ 0, 0, 0 ],
						"0.88": [ 2.62678, 0, 0 ],
						"0.92": [ 3.10829, 0, 0 ],
						"0.96": [ 0.57381, 0, 0 ],
						"1.0": [ 0, 0, 0 ],
						"1.2": [ 0, 0, 0 ],
						"1.24": [ 5.66226, 0, 0 ],
						"1.28": [ 31.79851, 0, 0 ],
						"1.32": [ 60.85378, 0, 0 ],
						"1.36": [ 71.21319, 0, 0 ],
						"1.4": [ 72.5, 0, 0 ],
						"1.44": [ 70.25198, 0, 0 ],
						"1.48": [ 70.36512, 0, 0 ],
						"1.52": [ 72.08127, 0, 0 ],
						"1.56": [ 72.5, 0, 0 ],
						"1.88": [ 72.5, 0, 0 ],
						"1.92": [ 67.41454, 0, 0 ],
						"1.96": [ 36.18407, 0, 0 ],
						"2.0": [ 7.41001, 0, 0 ],
						"2.04": [ 0, 0, 0 ],
						"2.08": [ -2.62678, 0, 0 ],
						"2.12": [ -3.10829, 0, 0 ],
						"2.16": [ -0.57381, 0, 0 ],
						"2.2": [ 0, 0, 0 ]
					}
				},
				"leftLeg": {
					"rotation": {
						"0.0": [ 0, 0, 0 ],
						"0.04": [ -5.66226, 0, 0 ],
						"0.08": [ -31.79851, 0, 0 ],
						"0.12": [ -60.85378, 0, 0 ],
						"0.16": [ -71.21319, 0, 0 ],
						"0.2": [ -72.5, 0, 0 ],
						"0.24": [ -70.25198, 0, 0 ],
						"0.28": [ -70.36512, 0, 0 ],
						"0.32": [ -72.08127, 0, 0 ],
						"0.36": [ -72.5, 0, 0 ],
						"0.68": [ -72.5, 0, 0 ],
						"0.72": [ -67.41454, 0, 0 ],
						"0.76": [ -36.18407, 0, 0 ],
						"0.8": [ -7.41001, 0, 0 ],
						"0.84": [ 0, 0, 0 ],
						"0.88": [ 2.62678, 0, 0 ],
						"0.92": [ 3.10829, 0, 0 ],
						"0.96": [ 0.57381, 0, 0 ],
						"1.0": [ 0, 0, 0 ]
					}
				},
				"body": {
					"position": {
						"0.0": [ 0, 0, 0 ],
						"0.52": [ 0, -0.23085, 0 ],
						"0.72": [ 0, -0.2841, 0 ],
						"0.8": [ 0, -0.27629, 0 ],
						"0.84": [ 0, -0.25, 0 ],
						"0.88": [ 0, -0.20024, 0 ],
						"0.92": [ 0, -0.13664, 0 ],
						"0.96": [ 0, -0.0544, 0 ],
						"1.0": [ 0, -0.0078, 0 ],
						"1.04": [ 0, 0, 0 ],
						"1.16": [ 0, 0, 0 ],
						"1.68": [ 0, -0.23085, 0 ],
						"1.88": [ 0, -0.2841, 0 ],
						"1.96": [ 0, -0.27629, 0 ],
						"2.0": [ 0, -0.25, 0 ],
						"2.04": [ 0, -0.20024, 0 ],
						"2.08": [ 0, -0.13664, 0 ],
						"2.12": [ 0, -0.0544, 0 ],
						"2.16": [ 0, -0.0078, 0 ],
						"2.2": [ 0, 0, 0 ],
						"2.32": [ 0, 0, 0 ]
					}
				},
				"rightLeg": {
					"rotation": {
						"1.2": [ 0, 0, 0 ],
						"1.24": [ -5.66226, 0, 0 ],
						"1.28": [ -31.79851, 0, 0 ],
						"1.32": [ -60.85378, 0, 0 ],
						"1.36": [ -71.21319, 0, 0 ],
						"1.4": [ -72.5, 0, 0 ],
						"1.44": [ -70.25198, 0, 0 ],
						"1.48": [ -70.36512, 0, 0 ],
						"1.52": [ -72.08127, 0, 0 ],
						"1.56": [ -72.5, 0, 0 ],
						"1.88": [ -72.5, 0, 0 ],
						"1.92": [ -67.41454, 0, 0 ],
						"1.96": [ -36.18407, 0, 0 ],
						"2.0": [ -7.41001, 0, 0 ],
						"2.04": [ 0, 0, 0 ],
						"2.08": [ 2.62678, 0, 0 ],
						"2.12": [ 3.10829, 0, 0 ],
						"2.16": [ 0.57381, 0, 0 ],
						"2.2": [ 0, 0, 0 ]
					}
				},
				"head": {
					"rotation": {
						"0.0": [ 0, 0, 0 ],
						"0.04": [ -0.70619, 0, 0 ],
						"0.08": [ -3.70031, 0, 0 ],
						"0.12": [ -6.19172, 0, 0 ],
						"0.16": [ -6.14114, 0, 0 ],
						"0.2": [ -5, 0, 0 ],
						"0.24": [ -2.75198, 0, 0 ],
						"0.28": [ -2.86512, 0, 0 ],
						"0.32": [ -4.58127, 0, 0 ],
						"0.36": [ -5, 0, 0 ],
						"0.68": [ -5, 0, 0 ],
						"0.76": [ -5.38938, 0, 0 ],
						"0.8": [ -2.95666, 0, 0 ],
						"0.84": [ 0, 0, 0 ],
						"0.88": [ 2.62678, 0, 0 ],
						"0.92": [ 3.10829, 0, 0 ],
						"0.96": [ 0.57381, 0, 0 ],
						"1.0": [ 0, 0, 0 ],
						"1.24": [ 0, 0, 0 ],
						"1.28": [ -0.70619, 0, 0 ],
						"1.32": [ -3.70031, 0, 0 ],
						"1.36": [ -6.19172, 0, 0 ],
						"1.4": [ -6.14114, 0, 0 ],
						"1.44": [ -5, 0, 0 ],
						"1.48": [ -2.75198, 0, 0 ],
						"1.52": [ -2.86512, 0, 0 ],
						"1.56": [ -4.58127, 0, 0 ],
						"1.6": [ -5, 0, 0 ],
						"1.92": [ -5, 0, 0 ],
						"2.0": [ -5.38938, 0, 0 ],
						"2.04": [ -2.95666, 0, 0 ],
						"2.08": [ 0, 0, 0 ],
						"2.12": [ 2.62678, 0, 0 ],
						"2.16": [ 3.10829, 0, 0 ],
						"2.2": [ 0.57381, 0, 0 ],
						"2.24": [ 0, 0, 0 ]
					}
				},
				"hat": {
					"rotation": {
						"0.0": [ 0, 0, 0 ],
						"0.04": [ -0.70619, 0, 0 ],
						"0.08": [ -3.70031, 0, 0 ],
						"0.12": [ -6.19172, 0, 0 ],
						"0.16": [ -6.14114, 0, 0 ],
						"0.2": [ -5, 0, 0 ],
						"0.24": [ -2.75198, 0, 0 ],
						"0.28": [ -2.86512, 0, 0 ],
						"0.32": [ -4.58127, 0, 0 ],
						"0.36": [ -5, 0, 0 ],
						"0.68": [ -5, 0, 0 ],
						"0.76": [ -5.38938, 0, 0 ],
						"0.8": [ -2.95666, 0, 0 ],
						"0.84": [ 0, 0, 0 ],
						"0.88": [ 2.62678, 0, 0 ],
						"0.92": [ 3.10829, 0, 0 ],
						"0.96": [ 0.57381, 0, 0 ],
						"1.0": [ 0, 0, 0 ],
						"1.24": [ 0, 0, 0 ],
						"1.28": [ -0.70619, 0, 0 ],
						"1.32": [ -3.70031, 0, 0 ],
						"1.36": [ -6.19172, 0, 0 ],
						"1.4": [ -6.14114, 0, 0 ],
						"1.44": [ -5, 0, 0 ],
						"1.48": [ -2.75198, 0, 0 ],
						"1.52": [ -2.86512, 0, 0 ],
						"1.56": [ -4.58127, 0, 0 ],
						"1.6": [ -5, 0, 0 ],
						"1.92": [ -5, 0, 0 ],
						"2.0": [ -5.38938, 0, 0 ],
						"2.04": [ -2.95666, 0, 0 ],
						"2.08": [ 0, 0, 0 ],
						"2.12": [ 2.62678, 0, 0 ],
						"2.16": [ 3.10829, 0, 0 ],
						"2.2": [ 0.57381, 0, 0 ],
						"2.24": [ 0, 0, 0 ]
					}
				},
				"beard": {
					"rotation": {
						"0.0": [ 0, 0, 0 ],
						"0.04": [ 0.70619, 0, 0 ],
						"0.08": [ 3.70031, 0, 0 ],
						"0.12": [ 6.19172, 0, 0 ],
						"0.16": [ 6.14114, 0, 0 ],
						"0.2": [ 5, 0, 0 ],
						"0.24": [ 2.75198, 0, 0 ],
						"0.28": [ 2.86512, 0, 0 ],
						"0.32": [ 4.58127, 0, 0 ],
						"0.36": [ 5, 0, 0 ],
						"0.68": [ 5, 0, 0 ],
						"0.76": [ 5.38938, 0, 0 ],
						"0.8": [ 2.95666, 0, 0 ],
						"0.84": [ 0, 0, 0 ],
						"0.88": [ -2.62678, 0, 0 ],
						"0.92": [ -3.10829, 0, 0 ],
						"0.96": [ -0.57381, 0, 0 ],
						"1.0": [ 0, 0, 0 ],
						"1.24": [ 0, 0, 0 ],
						"1.28": [ 0.70619, 0, 0 ],
						"1.32": [ 3.70031, 0, 0 ],
						"1.36": [ 6.19172, 0, 0 ],
						"1.4": [ 6.14114, 0, 0 ],
						"1.44": [ 5, 0, 0 ],